leg,tickLead,tickRace,distance,area
0,1321.0,1252.0,30.168,0.0
0,1322.0,1253.0,30.161,0.0
0,1323.0,1254.0,30.159,0.0
1,2032.0,1963.0,30.152,0.0
1,2033.0,1964.0,30.142,0.0
1,2034.0,1965.0,30.132,0.0
1,2035.0,1966.0,30.123,0.0
1,2036.0,1967.0,30.115,0.0
1,2037.0,1968.0,30.108,0.0
1,2038.0,1969.0,30.101,0.0
1,2039.0,1970.0,30.091,0.0
1,2040.0,1971.0,30.08,0.0
1,2041.0,1972.0,30.069,0.0
1,2042.0,1973.0,30.059,0.0
1,2043.0,1974.0,30.05,0.0
1,2044.0,1975.0,30.045,0.0
1,2045.0,1976.0,30.036,0.0
1,2046.0,1977.0,30.026,0.0
1,2047.0,1978.0,30.017,0.0
1,2048.0,1979.0,30.005,0.0
1,2049.0,1980.0,29.995,0.0
1,2050.0,1981.0,29.988,0.0
1,2051.0,1982.0,29.98,0.0
1,2052.0,1983.0,29.972,0.0
1,2053.0,1984.0,29.963,0.0
1,2054.0,1985.0,29.953,0.0
1,2055.0,1986.0,29.943,0.0
1,2056.0,1987.0,29.934,0.0
1,2057.0,1988.0,29.926,0.0
2,2058.0,1989.0,29.917,6.36854683350841e-10
2,2060.0,1991.0,29.897,1.4159214870483555e-9
2,2061.0,1992.0,29.886,7.787310503632575e-10
2,2062.0,1993.0,29.875,7.788221815313426e-10
2,2063.0,1994.0,29.866,6.373138187567001e-10
2,2064.0,1995.0,29.858,5.666144902207326e-10
2,2065.0,1996.0,29.849,6.375686084232702e-10
2,2066.0,1997.0,29.84,6.376850560710518e-10
2,2067.0,1998.0,29.83,7.086562543650953e-10
2,2068.0,1999.0,29.82,7.087614572024908e-10
2,2070.0,2001.0,29.801,1.347293803483386e-9
2,2071.0,2002.0,29.792,6.382002460304263e-10
2,2072.0,2003.0,29.784,5.674011201641236e-10
2,2073.0,2004.0,29.776,5.675225050480481e-10
2,2074.0,2005.0,29.771,3.5479521399201724e-10
2,2076.0,2007.0,29.761,7.100957808178435e-10
2,2077.0,2008.0,29.755,4.26148134835717e-10
2,2078.0,2009.0,29.748,4.973035455390319e-10
2,2079.0,2010.0,29.743,3.5531608869725756e-10
