leg,tickLead,tickRace,distance,area
0,1321.0,1252.0,29.404,0.0
0,1322.0,1253.0,29.397,0.0
0,1323.0,1254.0,29.395,0.0
1,2032.0,1963.0,29.388,0.0
1,2033.0,1964.0,29.378,0.0
1,2034.0,1965.0,29.368,0.0
1,2035.0,1966.0,29.358,0.0
1,2036.0,1967.0,29.351,0.0
1,2037.0,1968.0,29.344,0.0
1,2038.0,1969.0,29.337,0.0
1,2039.0,1970.0,29.328,0.0
1,2040.0,1971.0,29.317,0.0
1,2041.0,1972.0,29.306,0.0
1,2042.0,1973.0,29.295,0.0
1,2043.0,1974.0,29.287,0.0
1,2044.0,1975.0,29.281,0.0
1,2045.0,1976.0,29.273,0.0
1,2046.0,1977.0,29.263,0.0
1,2047.0,1978.0,29.254,0.0
1,2048.0,1979.0,29.243,0.0
1,2049.0,1980.0,29.233,0.0
1,2050.0,1981.0,29.226,0.0
1,2051.0,1982.0,29.218,0.0
1,2052.0,1983.0,29.211,0.0
1,2053.0,1984.0,29.201,0.0
1,2054.0,1985.0,29.191,0.0
1,2055.0,1986.0,29.182,0.0
1,2056.0,1987.0,29.173,0.0
1,2057.0,1988.0,29.165,0.0
2,2058.0,1989.0,29.157,6.062828835627018e-10
2,2060.0,1991.0,29.137,1.5164518113806425e-9
2,2061.0,1992.0,29.126,8.340096225902084e-10
2,2062.0,1993.0,29.115,8.340992119165059e-10
2,2063.0,1994.0,29.106,6.825413066386228e-10
2,2064.0,1995.0,29.098,6.068202338862727e-10
2,2065.0,1996.0,29.089,6.828040263950986e-10
2,2066.0,1997.0,29.08,6.829233561268986e-10
2,2067.0,1998.0,29.071,6.830424812834328e-10
2,2068.0,1999.0,29.06,8.349463203542408e-10
2,2070.0,2001.0,29.041,1.44282977216781e-9
2,2071.0,2002.0,29.032,6.834463236914409e-10
2,2072.0,2003.0,29.024,6.076232589376782e-10
2,2073.0,2004.0,29.016,6.07748974061527e-10
2,2074.0,2005.0,29.011,3.7994122270385846e-10
2,2076.0,2007.0,29.0,8.364460369204172e-10
2,2077.0,2008.0,28.994,4.56329297709496e-10
2,2078.0,2009.0,28.987,5.325211069996618e-10
2,2079.0,2010.0,28.982,3.8047650517804727e-10
2,2080.0,2011.0,28.981,7.612402298606839e-11
