fixIdx,legIdx,tickLead,togo,area
22,2,1121.195120707133,40.486,3542.3363790207504
23,2,1125.195120707133,40.448,3460.5285921735212
24,2,1133.195120707133,40.372,6960.447053821884
25,2,1137.195120707133,40.331,3762.7773708832456
26,2,1145.195120707133,40.253,7198.183481351233
27,2,1149.195120707133,40.211,3883.691120088454
28,2,1157.195120707133,40.132,7344.829679054939
29,2,1161.195120707133,40.09,3912.4425888809265
30,2,1169.195120707133,40.007,7772.868791412692
31,2,1173.195120707133,39.962,4221.865827351786
32,2,1181.195120707133,39.884,7356.469037422854
33,2,1185.195120707133,39.856,2646.2088499051065
37,2,1209.195120707133,39.84,1541.888229437841
38,2,1217.195120707133,39.821,1842.2966297028966
39,2,1221.195120707133,39.799,2139.094221235293
40,2,1229.195120707133,39.772,2640.8236936443564
41,2,1233.195120707133,39.753,1863.3269975102985
42,3,1241.195120707133,39.726,2663.5215689645206
44,3,1249.195120707133,39.721,496.2240237743518
68,3,1397.195120707133,39.718,332.97534958078575
69,3,1401.195120707133,39.683,3893.970282274758
70,3,1409.195120707133,39.608,8380.236773699513
71,3,1417.195120707133,39.529,8860.053051123903
72,3,1421.195120707133,39.493,4043.0045098268397
73,3,1425.195120707133,39.454,4388.080288584341
74,3,1433.195120707133,39.374,9038.072398007958
75,3,1437.195120707133,39.331,4863.921004935877
76,3,1445.195120707133,39.268,7156.226151425248
77,3,1449.195120707133,39.232,4095.425411118513
78,3,1457.195120707133,39.17,7083.314734927927
80,3,1469.195120707133,39.151,2186.307789928974
81,3,1473.195120707133,39.144,807.4066838309318
