fixIdx,legIdx,tickLead,togo,area
324,2,4509.720324816026,28.503,1542.649050950526
325,2,4510.720324816026,28.5,771.373772026493
326,2,4511.720324816026,28.495,1285.7274995641912
327,2,4512.720324816026,28.492,771.4991794509018
328,2,4513.720324816026,28.488,1028.7671364324121
329,2,4514.720324816026,28.484,1028.8505853811043
330,2,4515.720324816026,28.479,1286.1448843131343
331,2,4516.720324816026,28.473,1543.4175356335923
332,2,4517.720324816026,28.467,1543.4339717702055
333,2,4518.720324816026,28.461,1543.4502639068187
334,2,4519.720324816026,28.457,1029.0137657909438
335,2,4520.720324816026,28.451,1543.590913467841
336,2,4521.720324816026,28.445,1543.6067976044542
337,2,4522.720324816026,28.437,2058.091020129255
338,2,4523.720324816026,28.43,1800.7528259795636
339,2,4524.720324816026,28.421,2315.1138766751305
340,2,4525.720324816026,28.413,2057.7183115245252
341,2,4526.720324816026,28.406,1800.4260549504252
342,2,4527.720324816026,28.399,1800.3800713576795
343,2,4528.720324816026,28.393,1543.170508121769
344,2,4529.720324816026,28.388,1286.010248816638
345,2,4530.720324816026,28.383,1286.067617801311
346,2,4531.720324816026,28.378,1286.1248867841564
347,2,4532.720324816026,28.373,1286.1820557679155
348,2,4533.720324816026,28.368,1286.2391247525886
349,2,4534.720324816026,28.365,771.804864563392
350,2,4535.720324816026,28.36,1286.4436771256894
351,2,4536.720324816026,28.356,1029.2185197684926
352,2,4537.720324816026,28.35,1543.8958124341639
353,2,4538.720324816026,28.343,1801.1956996239378
354,2,4539.720324816026,28.336,1801.1476580321057
355,2,4540.720324816026,28.329,1801.0994204393596
356,2,4541.720324816026,28.323,1543.7852390489236
357,2,4542.720324816026,28.317,1543.7980751855368
358,2,4543.720324816026,28.315,514.6399388696772
