fixIdx,legIdx,tickLead,togo,area
537,2,6319.842337520251,28.553,2165.6330134828218
538,2,6320.842337520251,28.547,2165.52058483452
539,2,6321.842337520251,28.541,2165.4080121862185
540,2,6322.842337520251,28.533,2886.9592285727285
541,2,6323.842337520251,28.527,2165.030662673515
542,2,6324.842337520251,28.52,2525.6929658001472
543,2,6325.842337520251,28.514,2164.728551268862
544,2,6326.842337520251,28.509,1803.8776530617274
545,2,6327.842337520251,28.504,1803.8463759448516
546,2,6328.842337520251,28.501,1082.3269723510668
557,2,6339.842337520251,28.498,1084.0940201889914
558,2,6340.842337520251,28.496,722.7799363701417
559,2,6341.842337520251,28.492,1445.635644521615
560,2,6342.842337520251,28.49,722.8556841540413
561,2,6343.842337520251,28.488,722.918897414057
562,2,6344.842337520251,28.486,722.9820946753568
563,2,6345.842337520251,28.482,1446.0397851358975
565,2,6347.842337520251,28.479,1084.738342162514
566,2,6348.842337520251,28.476,1084.7949460004388
567,2,6349.842337520251,28.472,1446.4432857476113
568,2,6350.842337520251,28.468,1446.4678507940955
569,2,6351.842337520251,28.465,1084.8883194061625
570,2,6352.842337520251,28.462,1084.9447672440872
571,2,6353.842337520251,28.458,1446.6428234070938
572,2,6354.842337520251,28.455,1085.0194258659112
573,2,6355.842337520251,28.451,1446.7422562349077
574,2,6356.842337520251,28.448,1085.0939164877354
575,2,6357.842337520251,28.443,1808.5200421189631
576,2,6358.842337520251,28.44,1085.1300860555345
577,2,6359.842337520251,28.436,1446.8895711556904
578,2,6360.842337520251,28.433,1085.2042286773585
579,2,6361.842337520251,28.43,1085.2603225152832
580,2,6362.842337520251,28.425,1808.7970054982095
581,2,6363.842337520251,28.42,1808.7630883813335
582,2,6364.842337520251,28.416,1447.0087163816872
