fixIdx,legIdx,tickLead,togo,area
704,2,2203.842337520251,29.356,905.8519275176892
705,2,2204.842337520251,29.346,1294.2865489713402
706,2,2205.842337520251,29.336,1294.432400503836
707,2,2206.842337520251,29.327,1165.1399284131387
708,2,2207.842337520251,29.32,906.3833069800388
709,2,2208.842337520251,29.312,1036.0707514677847
710,2,2209.842337520251,29.306,777.219228844602
711,2,2210.842337520251,29.296,1295.59782663382
712,2,2211.842337520251,29.285,1425.2912957169126
713,2,2212.842337520251,29.274,1425.4001788712328
714,2,2213.842337520251,29.263,1425.5085780255529
715,2,2214.842337520251,29.255,1036.8651512564268
716,2,2215.842337520251,29.249,777.813840685738
717,2,2216.842337520251,29.241,1037.3048665723616
718,2,2217.842337520251,29.231,1296.8167715945833
719,2,2218.842337520251,29.222,1167.2819203956853
720,2,2219.842337520251,29.211,1426.8325203918903
721,2,2220.842337520251,29.201,1297.2384261920708
722,2,2221.842337520251,29.194,908.2113830966534
723,2,2222.842337520251,29.186,1038.1562853153437
724,2,2223.842337520251,29.179,908.5619062057742
725,2,2224.842337520251,29.169,1298.1510070960578
726,2,2225.842337520251,29.159,1298.289318629015
727,2,2226.842337520251,29.15,1168.604548726259
728,2,2227.842337520251,29.141,1168.7684192675808
729,2,2228.842337520251,29.133,1039.0684670131263
730,2,2229.842337520251,29.125,1039.2492391939238
731,2,2231.842337520251,29.105,2599.203586276029
732,2,2232.842337520251,29.094,1429.4411032146522
733,2,2233.842337520251,29.083,1429.540702369434
734,2,2234.842337520251,29.074,1169.7455324080697
735,2,2235.842337520251,29.066,1039.9349880277664
736,2,2236.842337520251,29.058,1040.113792208102
737,2,2237.842337520251,29.048,1300.3206686397202
738,2,2238.842337520251,29.039,1170.4287137354318
739,2,2239.842337520251,29.028,1430.6701751410349
740,2,2241.842337520251,29.009,2472.0862711103787
741,2,2242.842337520251,29.0,1170.9453704149546
742,2,2243.842337520251,28.992,1040.9992386996805
743,2,2244.842337520251,28.984,1041.1758348804779
744,2,2245.842337520251,28.979,650.8787970487646
745,2,2247.842337520251,28.968,1432.812919255046
746,2,2248.842337520251,28.962,781.6526196753184
747,2,2249.842337520251,28.955,912.1288306353115
748,2,2250.842337520251,28.95,651.675127770421
749,2,2251.842337520251,28.949,130.37941949978116
