leg,tickLead,tickRace,distance,area
0,176.0,81.0,41.569,0.0
0,256.0,161.0,41.561,0.0
0,756.0,661.0,41.532,0.0
0,764.0,669.0,41.509,0.0
0,772.0,677.0,41.483,0.0
0,780.0,685.0,41.407,0.0
0,784.0,689.0,41.367,0.0
0,788.0,693.0,41.323,0.0
0,796.0,701.0,41.275,0.0
1,800.0,705.0,41.244,0.0
1,804.0,709.0,41.203,0.0
1,808.0,713.0,41.166,0.0
1,812.0,717.0,41.127,0.0
1,820.0,725.0,41.045,0.0
1,824.0,729.0,41.003,0.0
1,832.0,737.0,40.93,0.0
1,836.0,741.0,40.895,0.0
1,844.0,749.0,40.828,0.0
1,852.0,757.0,40.764,0.0
1,856.0,761.0,40.727,0.0
2,864.0,769.0,40.655,1.659091983382431e-9
2,868.0,773.0,40.617,8.7849670398368e-10
2,872.0,777.0,40.578,9.049117874617679e-10
2,880.0,785.0,40.503,1.7537145258074717e-9
2,884.0,789.0,40.462,9.616771769415553e-10
2,892.0,797.0,40.384,1.843375714747188e-9
2,896.0,801.0,40.341,1.019249216389857e-9
2,904.0,809.0,40.262,1.8864382571748817e-9
2,908.0,813.0,40.221,9.819055818275054e-10
2,916.0,821.0,40.137,2.026281345673983e-9
2,920.0,825.0,40.092,1.088497879861948e-9
2,928.0,833.0,40.014,1.900218283650494e-9
2,932.0,837.0,39.987,6.597371795181745e-10
2,956.0,861.0,39.97,4.258524713277375e-10
2,964.0,869.0,39.95,5.049616218648914e-10
2,968.0,873.0,39.928,5.574694696575854e-10
2,976.0,881.0,39.901,6.893981888591826e-10
2,980.0,885.0,39.881,5.124563250144114e-10
3,988.0,893.0,39.852,7.486673864931802e-10
3,996.0,901.0,39.848,1.0405753133207656e-10
3,1148.0,1053.0,39.813,1.0489421897078722e-9
3,1156.0,1061.0,39.738,2.2602714954005277e-9
3,1164.0,1069.0,39.659,2.3926547259945195e-9
3,1168.0,1073.0,39.623,1.0924858185649998e-9
3,1172.0,1077.0,39.584,1.1864560370971732e-9
3,1180.0,1085.0,39.504,2.446687226909076e-9
3,1184.0,1089.0,39.462,1.2868768834730288e-9
3,1192.0,1097.0,39.398,1.9715548748884057e-9
3,1196.0,1101.0,39.362,1.1113100841172658e-9
3,1204.0,1109.0,39.3,1.924327684770563e-9
3,1216.0,1121.0,39.282,5.636701351116067e-10
3,1220.0,1125.0,39.275,2.1985615471556975e-10
